sequence,experimental,xgboost,doench_heuristic,crisprscan
AGTAGCGGATGAGGCGCTTG,0.2173,0.5405,0.4182,0.7069
CTACCACGGCTACCAGCTGG,0.4579,0.6866,0.4366,0.7495
TCCTCTCCCAAAGGTTCTGA,0.3981,0.4591,0.5209,0.5183
TGACAACCAGGAGAAGATCG,0.8182,0.7085,0.6003,0.7034
CCCCTACTATGCCCTGTGAG,0.8171,0.5837,0.5941,0.6828
AACGCGTGAGAATGGCCAGG,0.9725,0.7811,0.4459,0.7367
CTGTCTCTTCTCCAGGAGCT,0.8885,0.4440,0.4982,0.5771
TACTATAGTCTTCATGTGCT,0.1104,0.4203,0.1535,0.6210
CACAACCATGACTGGCGTCA,0.2944,0.6003,0.4600,0.6170
AGCAGGAGGGGCCCGAGTAT,0.7929,0.3040,0.2970,0.7083
TTGCGTTCCTCAGTACTGGG,0.6613,0.7669,0.5231,0.6459
ACGAACACCGGCCCCTGAAG,0.5206,0.4638,0.5115,0.7089
GGGCACAGGGTGGTCCTGCG,0.4725,0.5382,0.2740,0.7404
ATGCACCTCCGTACCTTCAT,0.0945,0.4388,0.5325,0.5919
ACTACATGAACATGACTCCC,0.7027,0.6640,0.4030,0.5717
ATGGCTGAATACTACCGGCC,0.5184,0.5040,0.5947,0.6703
CCCCCACCTCCCTGGGCCCC,0.1991,0.2194,0.0000,0.6363
TCGCGAGGAGCAGCTGCTGC,0.7789,0.3739,0.3545,0.6788
TGGTTCATACTTCTTTCGGA,0.4459,0.5995,0.4585,0.5789
GCAGATGAAAGCCCAGGCCA,0.5650,0.5211,0.5655,0.5797
CAGCGCTGGCCCGGGGGCCT,0.0256,0.0748,0.0000,0.6371
GCTTCCTCTTCTCTCGGGTC,0.5806,0.3133,0.6565,0.6078
CTCTCCGTAGGACGCGCGGT,0.9121,0.5894,0.3565,0.6225
ACCTCAGCGAGTGTGGGCCT,0.0592,0.4021,0.4620,0.6160
ACAGGTCATCTTAATGAGCC,0.8788,0.5222,0.4035,0.6057
GCTCATGGATTTCCTGGCTC,0.4579,0.3755,0.6657,0.6668
TCATCAGAACAATGACACTC,0.9865,0.4833,0.3335,0.6229
TAAGGTGTGTTATAGAACCA,0.5736,0.7424,0.2490,0.5859
TACACATGTGTAATTTGTTT,0.2022,0.2766,0.0000,0.6561
ATGTTGGAGACAGTGGATGG,0.4556,0.6494,0.5908,0.6363
TGAATTCAGGCAACATCTAC,0.6104,0.4142,0.3730,0.6419
ATTCAGGAGACCTGGAGTTG,0.5649,0.3976,0.4969,0.6494
CTCATCCATCTCCACAGTAG,0.1657,0.5122,0.6155,0.7075
CCTTGGCGATGTTCTCCAAG,0.6299,0.7090,0.4619,0.6729
TACGTCCTCGGACAGGAAGC,0.1077,0.5850,0.4843,0.6920
CAGGTACGAGGCCAGGGAGG,0.3883,0.4265,0.5065,0.8286
CTCACCTCTGTCTTGGTAGC,0.0065,0.3492,0.6337,0.6081
GCAGAAACTGATTATGAAAT,0.0543,0.3050,0.1000,0.6101
TGACCGTGGACGTGTTCGGC,0.5238,0.5291,0.4995,0.6219
GGACGTATTCAAGCAGGGCC,0.5110,0.4504,0.6540,0.6870
GGGGACTATGCTCTGGCTCC,0.0582,0.3284,0.5176,0.6194
AGTCGCCCTCGCACTCCCCG,0.8278,0.7356,0.3240,0.6736
AGACCTGAAAACGTGGACGG,0.3550,0.7355,0.6126,0.6656
CAGCTGGCTTACCAAGTTCC,0.3495,0.3773,0.4427,0.6192
CATGGTTACTGGTTCCGGGA,0.6797,0.5385,0.6261,0.6614
TTTCTATCCGACCTGAGCAC,0.5725,0.5771,0.6461,0.6329
CCAGTGGTTTAATAGTAAAC,0.1794,0.4406,0.0075,0.6252
AGCAGATGACGGTGAGCGCC,0.2594,0.4226,0.5190,0.6926
ATAGATTTATATGTACCACC,0.9603,0.6464,0.1860,0.5901
CACAGAGGTCTTATAAGAGG,0.5519,0.6543,0.4190,0.8146
TCAGCACTATTGGTAGGCTC,0.1197,0.5517,0.5644,0.7289
GATATGAGCCGCGGGCGCGG,1.0000,0.4842,0.2625,0.7761
TCCATGTGTGGAAGCTCTAA,0.6399,0.4926,0.3914,0.5440
TGTGGTGGGAGCCCTTCGGG,0.6374,0.5631,0.5040,0.7169
CTCCAAAGGCAAGGTCCCCT,0.7608,0.4168,0.5674,0.6247
GGATCATCAAAGGGAGAGGG,0.7078,0.4835,0.7155,0.6891
CTTTGTGCAGAGGCGAGTCC,0.4715,0.4257,0.5903,0.6912
TGCAACGCTATCGCCCAGGG,0.6725,0.7057,0.5170,0.6938
ACAGAAGAAGCTGACCATAG,0.2731,0.6899,0.5571,0.7015
GTGTACAGAAGTAGGCAAGC,0.9545,0.5575,0.5039,0.6137
CACAGAGTCAAGATTCAAAC,0.2338,0.3937,0.4490,0.6270
TGCCATCAAGAAAATCACCA,0.4448,0.7844,0.4513,0.5603
CTTCCCATGCTTCGATGAGC,0.3198,0.3935,0.6173,0.6749
GTTGGAGCAGGCGGTGCTGA,0.8813,0.4540,0.4270,0.6021
AGCCGTCAGCACCACTCTCT,0.3463,0.4463,0.5331,0.6198
GATGGGGCCCGTCACGTTCA,0.3615,0.5063,0.2975,0.5859
AGAGACTCACCGGAAAGGCC,0.6364,0.4630,0.5792,0.6980
CCACTCACCTGCCCACAGCA,0.8139,0.5732,0.4620,0.5519
ACCAGCTCCTGCAGAGCTGA,0.1172,0.4197,0.3928,0.5474
AGGTCACTAAAGGGAGTCGA,0.4177,0.5582,0.5293,0.6123
AAGCATGTCTTGGTGCTGGT,0.9740,0.5517,0.4286,0.6640
GAGAGTTCCAGTGTGGCCCG,0.6594,0.6045,0.6173,0.5906
CTGTTTCACGTTGTCCCCCA,0.8440,0.4296,0.4923,0.5371
TTCTTTATTTATAGGCATTT,0.0625,0.1015,0.0000,0.5905
AGACACTCACGGGTTATTAT,0.0330,0.3821,0.4490,0.5853
TGAACGCACGAGGGATGAGT,0.6861,0.6323,0.5678,0.7170
CGCGGGTCTGAGTCGGAGCC,0.1893,0.3305,0.3095,0.6811
AAAGTAATTCACTTACAGTC,0.3750,0.4334,0.0760,0.6717
CATGTCATACCACTTGCCTC,0.4578,0.5688,0.5850,0.6271
GCTGGCCATGTGTGGTCCTC,0.5439,0.2893,0.4438,0.6587
AAGAAAATAAGAAGAAGAAC,0.2599,0.3118,0.1040,0.6447
AGGTTGAAGCTTGGTATGTC,0.3901,0.3427,0.4024,0.6076
ACCTGGTGGTTATGGGATCT,0.1884,0.3723,0.5240,0.5840
CACCGTCCGTTTCACCTGCA,0.5989,0.4686,0.5091,0.5719
ACCTGTGGGCTCCGGCACGG,0.3766,0.5529,0.2660,0.7230
GAGGCACAATAGGAGCAAGC,0.2879,0.5936,0.6413,0.7372
TCGGGACTTGGCGCTCTGCA,0.1031,0.5105,0.4720,0.5849
ACTCGGCATTCGAGCGAAAC,0.1351,0.3506,0.4599,0.6313
AGTAACAACGTGGAAGAGGT,0.8927,0.6162,0.5494,0.6719
AAGGATACAGCGCTCTGCAG,0.7565,0.6739,0.5178,0.7764
TAGGTATGCAAAATAAATCA,0.4688,0.6233,0.0000,0.5598
ATTGCCACCTCTACATCATG,0.7067,0.5688,0.5260,0.6912
CTGTCCGGGACAGAGGCAGC,0.0669,0.6254,0.3170,0.6137
CTGTTTCCGCCACCTCTGTG,0.9932,0.6652,0.5801,0.6443
ACTTGCACTCTCATCTCCCG,0.9329,0.7364,0.6347,0.6490
TGCTGGAAACTGAGGTGCCA,0.0942,0.5444,0.5558,0.6584
GCACTCCAGGGTAAGTTGGT,0.5433,0.5689,0.6424,0.6091
GGGGCCCTGACCCTGAGCGG,0.4858,0.4049,0.0990,0.7381
GGGCCTGGCCCCAGGCACTG,0.8577,0.4080,0.1865,0.7069
GATTTAACAAATTTGGATCT,0.1440,0.3202,0.0000,0.5789
TGCAGAATCCAAGAAAACAG,0.7527,0.6579,0.5035,0.7168
GTTGATCTCCGAGGCGGGTG,0.6407,0.4682,0.5809,0.7215
ACTAGGACAGCACAGGAGGA,0.4297,0.6568,0.6014,0.5691
CTCCGGGTTGGCCTTCCACT,0.5034,0.3985,0.5032,0.5710
CTCACAGAGGTGGCGGAAAC,0.1114,0.3441,0.5969,0.6846
GGTTCCTCAGCACTATTGGT,0.2783,0.6548,0.5904,0.6033
GCAGCGGGATGACACGGCGC,0.4362,0.4582,0.3395,0.7309
TCACTGTCAGAGGAGTTGTC,0.1170,0.5023,0.6080,0.5962
AGTGAGACACAGCTCCCGTT,0.8996,0.5232,0.5748,0.6673
CCTGATTCATCAGGCTTTAG,0.0650,0.3488,0.4035,0.6413
TTCAAGTCGTCATCATCTTG,0.0826,0.5051,0.3810,0.6421
CCACCTCCTCCCTCCTCCTC,0.2576,0.2269,0.5121,0.6126
ATGGCCCCACAGAGGGGTGG,0.0940,0.4373,0.2795,0.7870
TTATACTATTGTCTGTCGGC,0.2202,0.5033,0.5250,0.5947
GCAGTCAGGGGGCGGCCTCG,0.5311,0.3406,0.0980,0.7385
CCCAGTTTCTTTGACCCCCT,0.1522,0.3619,0.4805,0.5554
TTGGTGGTGGCTGAGGCGGA,0.3044,0.4921,0.5190,0.5965
TGAGAGGTATTCAGGAGACC,0.9091,0.5708,0.5842,0.6996
AAGGTGAATCCGACCCAGAG,0.8571,0.6762,0.6607,0.7461
ATCAGCACCGCCTGCTCCAA,0.5429,0.3816,0.4076,0.5505
TTGCCACAGTGCCTGGGGCC,0.0167,0.1942,0.3460,0.6680
GGTGAGAGTTCCTGGGAGGC,0.1132,0.3752,0.6161,0.7151
AACTAGAATGACCAGTCAAC,0.4062,0.4509,0.3855,0.6326
GGCTCATGGATTTCCTGGCT,0.3750,0.2888,0.6275,0.6536
ACAGTTCTGCAGCCAGGGGC,0.3808,0.3783,0.2535,0.7506
GGCTAATACTTCAATTTGTT,0.1227,0.2136,0.1120,0.5903
AGCGCTTGGCAGCCAAGGAG,0.1284,0.4698,0.3995,0.8060
TAGCCCTCTGTGTGCTCAAG,0.7031,0.4574,0.6211,0.6688
TGGGATCTCCCTCCAGTTGT,0.3440,0.3435,0.4575,0.6806
TGTCTTCACGCTAGAGAATG,0.0529,0.5974,0.5705,0.6783
GAGCGCCTGGCCGCCCTCCT,0.1297,0.1982,0.2260,0.6133
AGGTAATAGGCGCGGGGCCG,0.0444,0.4198,0.3975,0.7469
GGCACCGTGGGGCTCGCCGA,0.3480,0.4996,0.1510,0.6453
AAGGACAGGCCCCTGGGCCT,0.0251,0.2193,0.2760,0.6996
TCCTCCTTAGGCTTCACCAT,0.6688,0.4504,0.5611,0.5554
CCAGGAAGACAGCAGAGGGG,0.0777,0.4917,0.4842,0.8407
ATGACTCCAATGAGTGCCCA,0.1775,0.6499,0.3853,0.5064
TTGGTAGTTCACCAGCATTA,0.6494,0.3849,0.3405,0.5896
GCCGTCCTCCTTTCCCCGTT,0.0737,0.2844,0.5434,0.6327
AGGTGAAGGTGTGAGCTGCA,0.7662,0.6537,0.5428,0.6201
CTGGGCACAGAGGAACCCGG,0.9038,0.6789,0.4870,0.7419
TCACAATAATCAGAAACACC,0.3394,0.6919,0.2760,0.5878
AATGACCTGTGGCTGAACGA,0.9725,0.7505,0.5397,0.6514
AGGATGGGGAAAACCCCCAG,0.8723,0.6464,0.2486,0.6770
CGGTGCAGCGGAAGCGCAGC,0.6842,0.2939,0.2940,0.6877
TCCATCCACTGTCTCCAACA,0.3018,0.6612,0.5396,0.5505
TAAACCCATGACGCCAGTCA,0.5422,0.6695,0.4237,0.6184
CAGCCAGGGGCCGGGGACGG,0.1339,0.2551,0.1130,0.7561
TGCCGATGACCCAGAGCACA,0.4708,0.6244,0.4825,0.5984
CTTCAATCTTCTCCTTGGGT,0.2955,0.3985,0.5580,0.6395
GTGTTATAGAACCAGGGTTT,0.2392,0.3163,0.4155,0.5675
GACCTTGCCTTTGGAGCCCC,0.6786,0.2989,0.5520,0.6326
TTTGGTGTGGCTGACTGAGT,0.8506,0.4080,0.5551,0.6816
GCTGACAACCAGGAGAAGAT,0.4221,0.6075,0.6104,0.6380
GGTCCAGCCGCCCTCGGCCT,0.1579,0.2907,0.1085,0.6766
CAAACACCTACACCCAGTGA,0.1974,0.7200,0.5299,0.6308
CCTGTTGCTCATAGAGATTG,0.0943,0.5707,0.5115,0.6764
CCACTAAAGCCTGATGAATC,0.1733,0.3621,0.5330,0.6034
TGGTACTGGTACACAGTTCT,0.3177,0.3950,0.3700,0.6147
ATGGCGCCGGCGTTGAAGTC,0.3253,0.3905,0.3550,0.6587
TAAATTAAAGGTACAAGTTA,0.3872,0.3181,0.0715,0.6184
TCCAAGGGGGTCAAAGAAAC,0.0217,0.3575,0.3770,0.6398
ACAAGAGACCAGAGCAGGAG,0.2511,0.5838,0.6489,0.7527
CTACGGTTTGCAGACTTCCC,0.2652,0.4681,0.6290,0.5627
TCACCAGCTGGCCAGACCAT,0.6931,0.4514,0.4052,0.6022
CAGCACCACCAGGAGTACAA,0.8368,0.6944,0.5570,0.5920
GCTGAAACCCGATTCCTACC,0.6835,0.5710,0.6605,0.6503
GCTTATATCCAACACTTCGT,0.3281,0.5304,0.5305,0.6091
AAAGACTTCTGTGTCCAGAA,0.9964,0.5734,0.3655,0.5508
GTCCAGGAAACAGGGGCTGG,0.7729,0.4266,0.4253,0.6497
CCAAGGTGGTGGCCGAGGCG,0.4462,0.4058,0.2710,0.7359
GGTGGCAGACACTCACCGAG,0.9549,0.7555,0.4806,0.7491
GGTGGGCAGTTTAGCAATGA,0.9145,0.5133,0.5451,0.6258
GTCCATGGTGGTTGATCTTA,0.0693,0.2772,0.4503,0.5791
GACGTCAGTGGCCTCCTTGC,0.5934,0.3075,0.4866,0.7206
TGAGCTGCTTCTCAAATCCT,0.8074,0.4880,0.3348,0.6338
ACTCACCCAGCGTTCCCAGC,0.6151,0.5616,0.5267,0.6633
ATTCTTCAGGTATGGCTGCG,0.7523,0.6049,0.6398,0.6490
GTCAGTGAACCAAGTGTTAA,0.1797,0.3530,0.4940,0.5310
GAAGTCGTCCACGTGGATGA,0.2271,0.6733,0.5340,0.6179
TATTCTGATTGTGGGGCTTT,0.0903,0.1175,0.3910,0.5985
CTGCAGAGGAGCCATCGGAC,0.7576,0.4609,0.4255,0.6073
TGAGCATCGTAGACGCCAGG,0.9719,0.8077,0.5937,0.7760
CCCCCGACTGGCCCCCGCCC,0.3187,0.2074,0.0605,0.6711
TGCCCTCCAGATGCGGTCTG,0.2780,0.5386,0.4012,0.7065
TACAGAAGTAGGCAAGCCGG,0.9762,0.6550,0.6526,0.7583
CTATCTTTGCCTGGAGCTGT,0.3214,0.3987,0.5770,0.5740
GGGGTGTGACCTGCTTCTTC,0.0505,0.2334,0.5194,0.6433
GGTCATAATGTGAAAGGTGC,0.6926,0.4424,0.6382,0.7377
GTCTGCTGTGATGGGTCACA,0.4675,0.4742,0.5170,0.5440
GTGTGCAAACAGCTGAGATG,0.9372,0.6255,0.4987,0.7276
TGGAACTCCGTTGGAGCAGG,0.8615,0.4109,0.4668,0.6752
CCCCTTTCCATGTGGTACAC,0.3430,0.4652,0.6063,0.5649
AGTGTTGCCATCTTATCAAA,0.4592,0.4029,0.1270,0.5491
GTCCCATTGTGGTGCACTGC,0.5235,0.3830,0.5357,0.6667
TTTGGGTGGTGCAGGAGGTC,0.4545,0.2213,0.5842,0.6638
AGCCAGCAGGTGGCGGTCGC,0.2608,0.3163,0.1535,0.7208
ACAAAGCTGTAGCGGTTAGC,0.0303,0.4273,0.5460,0.6633
ACAATGACTCGGAGCCACCC,0.9128,0.6249,0.5911,0.6313
GGGGCCAGGCCCGCTGGGTT,0.1046,0.2534,0.0765,0.7028
TTCTGTGGGGTCAGGGACAG,0.1739,0.3600,0.4246,0.6910
AATTTGTTAAATCCAATCCA,0.3193,0.6028,0.0000,0.4935
GAAAAGCAGGTACGAGGCCA,0.3150,0.4920,0.6498,0.6036
GAGGTGCACCACCAGGTACT,0.4769,0.6260,0.4569,0.6259
TCTGGCATGGGCAGGTTGGA,0.9643,0.4265,0.5095,0.5965
GCGACGTGGAAGTCTGTGTC,0.4459,0.4460,0.5936,0.5754
TGGCTGAATACTACCGGCCA,0.1450,0.5601,0.4461,0.5816
GTGGAACTGGTCACAATGAT,0.8315,0.4023,0.5733,0.6444
TGTACTGTCTCTCTTCAATC,0.7286,0.4443,0.4535,0.6076
TTATTTCTGGACACAAGATA,0.8152,0.3855,0.1835,0.5970
GCTGAGATGTGGTGACCCCT,0.8452,0.4997,0.6109,0.6380
TTCTTCTCAGTTCAAGTAAC,0.8784,0.2490,0.2640,0.5761
TGGATCTTTGCCTTGGCCAG,0.4404,0.4651,0.5080,0.6432
CCTGGCTGTAGAGGGAGGTA,0.4903,0.5011,0.5227,0.5584
ATTACAGCCACTTCTTAATA,0.0204,0.2974,0.0000,0.5128
CGCCTCGGAGATCAACACGC,0.6978,0.7738,0.5108,0.7011
GGTGGGCGTGCTGCTGTGGT,0.8498,0.3449,0.5050,0.6897
GGTCCAGTCAGTGAACGTAA,0.7011,0.6251,0.5957,0.5919
GCACAATGTTCTAGTAGCGG,0.4545,0.6278,0.6669,0.7252
GGCAGTGGTGGTCGGAGGCA,0.4848,0.4077,0.5245,0.6535
GCAGGTGTCCCGAGGGCAGA,0.6935,0.5521,0.5165,0.6300
GTGATACTTCATCCCTTCTG,0.4404,0.4909,0.6055,0.6889
CTCACTTGAATTCTGAGGGG,0.4571,0.5915,0.4255,0.6883
ATATAGACCACGGAGATCCT,0.9331,0.6059,0.5475,0.5659
TCCACCCAGTTCCAGCGCCA,0.0541,0.5837,0.4570,0.5956
TCCAAACGGGGAAAGGAGGA,0.5842,0.5579,0.5174,0.6362
TTCTTGATCTAGCTTGTTTG,0.0584,0.5802,0.2960,0.6764
GTGTTCGGCCGGGGCGGGCC,0.1575,0.1915,0.0450,0.7050
CCCAGTGTTGAGTAGTGCCC,0.0400,0.4542,0.5668,0.6898
TGACCCTGCCCCTGTGGATC,0.6040,0.1793,0.5050,0.6462
ACCTGACCTGCTCTGTGTCC,0.4545,0.4271,0.5572,0.6814
GGACCGCCCCCTTCCATTCC,0.2565,0.1841,0.3825,0.6419
GTAGTCGCCCTCATCCTTGG,0.5484,0.6424,0.6583,0.7084
CAAGCATGGAGGAAGGCACT,0.6173,0.4580,0.5634,0.6333
TAGCCTGTGCCTGTGCATCG,0.9578,0.6697,0.5738,0.6704
TAGTGCCAAACCAAGGCACT,0.0931,0.5684,0.3667,0.5538
TCCAACAGTCAGCAGAGACA,0.5617,0.6722,0.5445,0.6577
GTGATCTCTGGCTGTGAAGT,0.7219,0.4459,0.6300,0.5545
CCACAGCTACTGGGTCTCTG,0.8188,0.6463,0.5965,0.6630
TGCCTGTGATGCGGGCTGCC,0.1104,0.2738,0.5040,0.6340
CACGGCCTGAGCCTCTCCGT,0.8755,0.5525,0.3145,0.6266
ACCTTCTCGCAAAGGAATTC,0.1757,0.2196,0.3973,0.5761
TATGTACTCCACTGTGAGCC,0.1516,0.5083,0.6204,0.6522
AGGCTTGGTCTTGCTGCTGC,0.0476,0.2447,0.5384,0.6830
TCCAGGGCTCTCAGAATCTA,0.1418,0.4401,0.5234,0.5505
GACCTTGATATAGGGCTGGT,0.2581,0.5459,0.6361,0.5992
GAGAGGGAGGCCGGGGACCA,0.6569,0.3613,0.2085,0.5585
GGACAGCAGTAGAACCAACC,0.7812,0.6623,0.6587,0.6606
CAGAACAGCATCGGTGCAGT,0.6250,0.5182,0.5595,0.5949
CCCAGAGTGCCATTAACACT,0.2478,0.5471,0.3843,0.6156
CTATTCCCCTCCCCTCAATG,0.9396,0.6244,0.6335,0.6443
CACAGTGGCCTGGCTCAAAA,0.2018,0.3508,0.5501,0.6293
TTCTTACGCCGTCCAGGCCA,0.6502,0.4436,0.5584,0.6641
TACTGGCTGATAGATGTAAG,0.4736,0.5908,0.4715,0.6196
GGGGGCAGCAGTGTGTGTGA,0.5481,0.5508,0.3005,0.6548
AATAACCAGCCTGCTGTCTC,0.4470,0.4242,0.4626,0.6145
CGGCTCTCATGCTGTAGCTG,0.1754,0.4992,0.5637,0.6688
TGCAATAGTCACTGGAGCTG,0.4615,0.5699,0.6060,0.7654
AGGACTCTGAGCCAGGGGCC,0.6061,0.2287,0.3260,0.6275
CCACCCCTCTGCTGTCTTCC,0.1489,0.1764,0.5036,0.5783
TGAGCTTCAGCTCTCTCAAG,0.4574,0.5944,0.4727,0.6706
GAGACCAGGCCTGCAGGGGA,0.1834,0.4342,0.3265,0.6790
GTGTATCCAGAAACTGCAGG,0.8918,0.6129,0.5381,0.6763
GGAAAGGAGAAGTCGTAGAC,0.4675,0.4573,0.6511,0.6307
TGAAGGTGAGCGGCGTGCCC,0.9076,0.4494,0.4360,0.7140
CCACCATGGACTGAACAAGT,0.9293,0.6696,0.3947,0.5830
GTGAGTAGTCCTGGGGCCCA,0.7662,0.5226,0.3804,0.5657
GCCAGCAATCTTGTTGCCCT,0.2846,0.2419,0.4741,0.5710
TTCCTAACCTGCAGTGGACG,0.5090,0.4656,0.5428,0.7131
GTAGTCTCCTGAGGCAGGGA,0.3960,0.5941,0.5353,0.6065
GGAAGGAGCCATTATATCCA,0.3377,0.5644,0.5383,0.5755
TGTGTGCAGGAGCCCAATTT,0.2088,0.4338,0.5074,0.6821
GGCAGCTGCCGCCGCTGCCC,0.0403,0.2056,0.0930,0.6791
CCCTACTTGCCTATGTCAAT,0.4007,0.3174,0.4925,0.5554
GGTCCTGAATCATAGACACC,0.6859,0.6153,0.6310,0.6271
AACCGCCAAGGCCGATGCAG,0.9329,0.5238,0.5170,0.7289
CCTTTCTTCCACTGCGCCCG,0.2277,0.4115,0.4855,0.6139
CACCGGGTACGTGGGCTTGG,1.0000,0.3792,0.4945,0.7158
CGGCGACCCGCCCTCAGGCC,0.1538,0.2443,0.0210,0.6973
ACATTTATACTATTGTCTGT,0.9711,0.3877,0.0965,0.6091
TGGGTGTCTGCTGCAGTGTC,0.3171,0.3101,0.4310,0.6342
ATTTCGGGCACCGGCTGCCC,0.1099,0.3203,0.2860,0.6268
ATTAGGCTTAGGTTACCACA,0.8397,0.6824,0.4635,0.5259
TGTGTGGCGTCGTGAAGCAT,0.4535,0.5513,0.5387,0.7124
TGCGGGAATCGGCAGACACG,0.3356,0.5876,0.5145,0.7526
GTTCTTTAAATGGCTACAGG,0.8712,0.5742,0.4830,0.6300
ATCTTCAGGTCTGCTGTGAT,0.6095,0.3457,0.5283,0.6144
CGCTGCGGTAGAAGCCCGCC,0.3923,0.4844,0.1520,0.6244
AAAAATATGTAAACAGCATT,0.1494,0.2402,0.0000,0.6133
GCTGGGTTTGGGTCTTGGCC,0.0795,0.2896,0.5720,0.6640
GCTTGGGCAGTGGCAGCAGC,0.7284,0.3607,0.5320,0.6781
TGGCCAGAGCCATCGCTATA,0.2976,0.4504,0.4088,0.6063
AAAAGGCAAGAAATGGAATC,0.2826,0.3688,0.2565,0.6192
TGCCTCCCAGAACCGCATCG,0.8225,0.7112,0.4975,0.7065
GTTTGTGTCATTAGTGAAAC,0.0469,0.2778,0.1890,0.5336
CCGGCTGCCCCGGCCCGCCC,0.4286,0.1718,0.0375,0.7186
CCAAGGCACTAGGACAGCAC,0.9361,0.6067,0.5527,0.6764
TCCGTCGAAGTTTGAGGAGC,0.4477,0.4219,0.5985,0.7157
CCAGGATCCACCCCAACCTG,0.9341,0.5568,0.4061,0.6365
CGGGTTTCAGCGTGTTGGGG,0.7165,0.6094,0.4395,0.7617
AGAAGAGCTGAAGCCTGGGT,0.2217,0.5294,0.5816,0.7234
CTTGTTTCTGAAGAAGGAGA,0.1623,0.5700,0.3660,0.6065
TCTCGACATCTGGCTTCTCA,0.4048,0.4753,0.5726,0.5910
GCCATCTCTGATGGATGTGA,0.7495,0.5796,0.4865,0.5925
TGTGCATCGTGGCTGTCCTG,0.9946,0.6570,0.5712,0.7292
ACGGCGGGCGCTTCACGCTC,0.6263,0.3274,0.2745,0.7137
GATCAGGGCGCGGTAGAAGC,0.9664,0.4555,0.6136,0.7133
CCATTCCACCGGCCTGTGCG,0.7065,0.5581,0.4110,0.6778
CACACTATTCAGGTGATCTC,0.4379,0.4875,0.5405,0.6661
AAAGGAGATACTTACACAAC,0.6698,0.3666,0.2465,0.6270
TCATCTCTTGGCAAAATGAG,0.6168,0.5442,0.3785,0.6490
TCGTACAGTGACAAGGAGGT,0.5112,0.6961,0.5609,0.6377
AACAGCTGAAACAGCCTCCT,0.8349,0.4851,0.3935,0.5607
GATGGCCCCACAGAGGGGTG,0.0134,0.4275,0.3295,0.6982
GCAGGTGGTCCCACAGGTTC,0.1725,0.2221,0.4443,0.7137
AGATCGTACATGTTCACCGG,0.7248,0.8084,0.4880,0.6640
TGTTCTGGTTCACTCCTGTG,0.3431,0.7363,0.5768,0.7069
ACCTCATGCCCATCCTTGCT,0.7554,0.3083,0.5575,0.6239
GGAAAGGACCAAGGGCCAAG,0.9958,0.5683,0.6357,0.6783
CGCTGAAACCCGATTCCTAC,0.1286,0.4140,0.6053,0.6796
TGAGGTGCCACGGGCCACAC,0.3406,0.5227,0.4665,0.6433
TCTGCTGTGATGGGTCACAT,0.8047,0.6134,0.4089,0.5738
AGCGTCGCTCTCCTGCTCTC,0.1290,0.3979,0.3913,0.6679
GGCTTTAGAAGAGGACCTGA,0.7717,0.6027,0.6105,0.5957
CCACGCCCAGGAGGATCCCC,0.3571,0.3630,0.1520,0.5978
ACATGTCCCTGGACTGAGGT,0.7370,0.5841,0.4673,0.6379
GGCGGGTGTGGACAGCGGGT,0.8890,0.4363,0.3720,0.7178
AATCCCAGTGCCTTACCCGC,0.0032,0.5947,0.5779,0.6798
GTGAGGTCATGGAATTAGAA,0.0027,0.5219,0.4170,0.5160
CGCGGCATAAACGGGAGAAG,0.4421,0.4941,0.5371,0.7195
GAACCTGTGGGACCACCTGC,0.5066,0.4933,0.5002,0.6660
GCCCTGCTTGAATACGTCCT,0.7527,0.5158,0.6178,0.5905
CCAGCGAGTCATGAAAAGAT,0.9383,0.4955,0.2548,0.6331
CGCTGATGTTGAAGCGCAGC,0.1905,0.3342,0.4110,0.6911
GCCTGCAGAACCCAAAGACC,0.7690,0.5257,0.4488,0.6402
CCCTCGAAGTGAGAGTGAGC,0.6515,0.5268,0.5705,0.6883
AGTTATCCTTCTGGTTCACT,0.2922,0.4103,0.4460,0.5869
GGTTCAGGTAGATGGTGTTC,0.2824,0.4374,0.6131,0.6812
ATCCCCGTCGCAGTTGAACT,0.3784,0.5513,0.4388,0.5710
TGTTACCCTCTGGCATGGGC,0.3755,0.4768,0.5755,0.7525
GGATGACACGGCGCCGGCTC,0.8121,0.2881,0.1955,0.7121
TTATGACCAACACCAGGTCA,0.9481,0.6172,0.3750,0.5774
CTGTCCAACATGCTTCCCAA,0.6758,0.6426,0.5084,0.5064
CCCCTTTCGATTCTAGGTGG,0.3614,0.5370,0.6406,0.6597
CAGCAGGTGGCGGTCGCAGG,0.5260,0.4866,0.2785,0.7359
AGTCAGGAGGGATTCTTCAC,0.0883,0.3225,0.5971,0.6271
GGGTGCTCACGACAGGATAT,0.9545,0.5003,0.6040,0.5713
AACAGCAACGGTCGCCATGT,0.4260,0.5707,0.5816,0.6439
CCAAGTCCCTGGGCATCCTG,0.3681,0.5512,0.5321,0.6973
CGTCAAACAGCTCACTGATC,0.1275,0.3892,0.5857,0.6973
TGAAGTAGCTCAGGCTGCTC,0.5484,0.4247,0.6151,0.7008
GATAGCGTTGCAGTAGACGG,0.7791,0.8466,0.7041,0.7024
AAGACTGGCGCATGGTCCAC,0.9838,0.5451,0.5487,0.6478
AGTCCGAGTGGACCGGCGAG,0.3041,0.5695,0.4065,0.7217
GGCGCTTGTGGGGCGCGGCC,0.1597,0.1148,0.0530,0.7548
ATTACTTACATCAATGTAGC,0.1841,0.4973,0.0660,0.5305
AGCCGGCTCCAAACGGGGAA,0.1158,0.4813,0.2725,0.6397
TGAACTACGACGAAGAGAAC,0.7934,0.5737,0.5393,0.6610
GTTCATGATGTCCCGCACGG,0.9780,0.7222,0.5925,0.6958
CATGTCCTCAAAGAGAACAC,0.6872,0.6620,0.5160,0.6019
TGCACAATGAGAACTCCGAC,0.0135,0.6924,0.5814,0.6162
GAGCATCTCAAACACAACGA,0.9805,0.6760,0.5636,0.5458
GTGTATGAGTTCCTATTTGA,0.3896,0.4316,0.2865,0.5691
GGCAGAGACAAAGAGCGAGC,0.5195,0.5395,0.6118,0.6980
TTCTGTGGAGAGTTCCAGTG,0.7391,0.6379,0.4953,0.7245
ATAGCATAAAACATATCCAT,0.9819,0.6058,0.0000,0.5498
GCCGAATCTTGGTGTGTTGG,0.8274,0.5470,0.6662,0.7258
GGAGATCGAGCAGCAGATCA,0.3712,0.6158,0.5113,0.6372
CCACGTAGTCTCCTGAGGCA,0.6242,0.6024,0.5597,0.6108
GCGCCTGGATGCCCCAGGGC,0.5568,0.3433,0.1915,0.7183
GCTGAAAAAGGGAGTCAAAG,0.7208,0.6263,0.5266,0.7155
TACCAGTGTACCACATGGAA,0.1769,0.6404,0.5194,0.5806
CAGCCACGATGCACAGGCAC,0.4881,0.5391,0.4625,0.7328
CCGGGGCGGGCCGGGGCAGC,0.1245,0.1798,0.0000,0.6858
AGGCACTACTCACATTGTTA,0.3117,0.4514,0.4265,0.5569
CTGGGGTAGAGGTAGCCATA,0.5055,0.6108,0.4922,0.5182
GGTGTGTTGGGGGATAGAGT,0.3709,0.5384,0.5024,0.6898
TCAGGCTTCACTGTGACAGG,0.7825,0.6449,0.5020,0.6286
AGCCCAGGAAGACAGCAGAG,0.0906,0.7196,0.5546,0.7007
ATCTCTGGCATGTGTGACTG,0.9253,0.5635,0.5787,0.6603
CCAAAGACAACAAGAGCTCT,0.8533,0.4138,0.3575,0.5324
GAGTGCAAGTATACATGTTG,0.4556,0.5610,0.3990,0.7303
ACTCCCTATAGCGATGGCTC,0.7486,0.5648,0.4995,0.5436
GCTGATCACCAAACACAAGT,0.8639,0.6139,0.4294,0.6513
ACATCTGGCTTCTCAGGGGA,0.5812,0.5202,0.5121,0.6576
TGTTGGTTTACCACAGGCGA,0.8182,0.6270,0.4199,0.5785
CAGGTCATTCCACCACTCTA,0.7011,0.5448,0.5478,0.6007
CGAGTGCCTTCCTCCATGCT,0.4946,0.4782,0.5060,0.6486
CCCATTCAACTGCCAGGTCA,0.3373,0.5057,0.5767,0.6439
TGACGCCATCTCCTACAGCA,0.7209,0.6593,0.5597,0.5664
GAAATCCATGAGCCTGGACA,0.4565,0.5725,0.4994,0.6324
TAGAGACATACTAATGTACA,0.9026,0.6399,0.0000,0.5194
ATGAGACAGTTGATGACTTC,0.2708,0.3235,0.4735,0.6564
CACCCCACCCACCACCGTGC,0.2385,0.4606,0.3065,0.7097
CCCACTCGAGGCCAGCTTGA,0.0734,0.4603,0.3250,0.6111
GGCGCACACTGCCGAGGAGG,0.2381,0.4755,0.3740,0.8213
GGAGTTGGCAGATGACCTGG,0.5044,0.7241,0.6308,0.7216
TTCACCTCCTTCTCGACATC,0.0552,0.2555,0.5955,0.5909
ATCAATAAAAGCTGAGGTGA,0.3383,0.4590,0.2955,0.5829
CATGTACATCCACGGGAACC,0.6105,0.6216,0.5083,0.6717
AACTTCACCACCAAGGATGA,0.8710,0.5449,0.5086,0.5592
TATTGATGATAAGCTGAAAA,0.0130,0.3105,0.0000,0.5724
CAGCCGGCCCGACCAGGCCC,0.2461,0.3184,0.0135,0.6791
TACTGGCCAAGCATGGAGGA,0.6101,0.6265,0.4358,0.5592
GCTCAACTACACCCTCAGCC,0.2242,0.5864,0.6633,0.6182
GAGGCTCCCGGGGCCTGGTC,0.1335,0.1976,0.0435,0.7400
ACTTCGGAATTCTGCCTCTG,0.9103,0.5487,0.4495,0.6490
CTCATGGATTTCCTGGCTCG,0.5503,0.5904,0.6492,0.6624
GAGCTGCTCCTTCTGGAACA,0.7047,0.5799,0.5105,0.5585
CACCTTAACCATTGCAAACC,0.6929,0.4658,0.4178,0.6326
CTCCTTGTGCTCTGGGTCAT,0.3647,0.2684,0.6145,0.5905
GAAGTTTGAGGAGCAGGTGA,0.6462,0.6047,0.6390,0.6713
GCAGGACAGCCACGATGCAC,0.9632,0.6022,0.5495,0.6954
GCAGGACCACCCTGTGCCCC,0.4703,0.3930,0.2190,0.6308
ATGTTCCCAAACATGGCAGC,0.0181,0.4943,0.4011,0.5851
ACTCAAACTGCGGCTCAACC,0.7381,0.5298,0.6340,0.6517
CTGGCCGACAGTTGGATAGG,0.8383,0.5766,0.5375,0.6637
CCTAGGCAGATCAGGCTCAG,0.9623,0.5907,0.4623,0.6043
CAGCCACAGAGATGTCCAGC,0.8421,0.5125,0.5519,0.6121
GAAACAGGGGCTGGTGGCAT,0.6154,0.2388,0.5123,0.6778
TCAGGGGCAGGGGGCAACAA,0.3538,0.4323,0.2825,0.5980
ATGACTCCCAGCTCTTCCTA,0.3918,0.5732,0.5337,0.4877
TGTGTGCCACTGTTTATACC,0.8967,0.6956,0.4836,0.6685
AGTCAGAGCGTTCAAAACTA,0.6753,0.4841,0.4590,0.5950
TGGATAGGGGTCCCTGTCAG,0.2838,0.4597,0.4084,0.7273
ATGACTTCTGGAGGATGATC,0.5740,0.3635,0.5480,0.6078
CAAAACTGGAAGGAATGTTT,0.1364,0.2578,0.1140,0.6259
GGTTGGTGTCACTCACTTGT,0.3758,0.4377,0.5981,0.6467
CAGGGCAGATTCCGCCTCCT,0.1190,0.3826,0.4609,0.6545
TATCTTTGAAGTCGAAAGAC,0.7848,0.4830,0.1810,0.5680
GGCTGCAGAACTGTCACACA,0.7197,0.6084,0.4595,0.5637
TAGCATCTCGCAAGGTAGCA,0.1991,0.5284,0.5647,0.5585
AATCCCACATGAGAAACATA,0.2565,0.4788,0.1420,0.5585
ATGTGGTTCCTTGTTCTCAG,0.7731,0.5652,0.5605,0.5944
CGCAAAGGGACAGCAGAAAC,0.4978,0.3601,0.5604,0.6643
GATACATATCCCATTCATCA,0.5204,0.7076,0.1960,0.5290
TGCTCTACCACACACACCTG,0.8149,0.6495,0.6108,0.6470
GGGAAGGAGCCATTATATCC,0.2294,0.4819,0.6069,0.6271
ATGATCCATGGACATTTGAC,0.3832,0.4745,0.3560,0.5783
CAGCTCTCTGTGCATGTGAC,0.3831,0.3628,0.6157,0.5981
CTTGCCAGGCTTCGCAGCCC,0.7399,0.3554,0.3490,0.6989
GTGGAAGCTCTAAGGGAGAG,0.7351,0.5650,0.5813,0.7015
CCAGGGCCTGCAGGAAGTGG,0.4524,0.4832,0.3425,0.7535
CCCCACAGGGGCCCTGGCTA,0.3052,0.2423,0.0940,0.6195
GTGGTGCTGCTGGCCATGTG,0.6485,0.5685,0.4495,0.7247
TCTCTCAACTTTAACTGGAA,0.4219,0.3736,0.2565,0.5822
TTCCTACAACCTTCTCGCAA,0.2703,0.4749,0.5393,0.6160
CCACTCTCTTGGGGCTGGTT,0.0206,0.2012,0.4687,0.6206
TCTCACCTGTCTGCTTATCC,0.1547,0.3807,0.5894,0.5931
TAACACTTGGTTCACTGACT,0.4957,0.4906,0.5005,0.6085
GAGCATAGACAGTATGTGTA,0.6881,0.4990,0.3890,0.6011
CTGGATAGGGGTCCCTGTCA,0.2763,0.4980,0.3755,0.6530
CAACAGCAGTAGCGCCACGA,0.6014,0.6988,0.5390,0.6240
AGGGCTGCGGGTCGCCATAA,0.6562,0.4640,0.4400,0.5938
CACGAAGGCCTGAGGTGCAC,0.7029,0.5036,0.4036,0.7923
GCTCCGACTCAGACCCGCGC,0.7870,0.4743,0.3840,0.7232
CAGCCATGGTCCTCTCCCAA,0.4266,0.5712,0.4218,0.5724
CTCTGCACAAAGCCCTCTTT,0.8804,0.1502,0.3845,0.5941
CTTGACTTGTCCATTCTGGG,0.2233,0.6977,0.6255,0.6538
TCCTTCTGGAACAAGGCCTC,0.6711,0.3932,0.4911,0.5600
ACAAGAGTAGGATTGGTAGA,0.1364,0.5483,0.4635,0.5942
CAGTGGATGGAGGAGGCTCT,0.2781,0.3839,0.5713,0.6320
AGCTTGTTGTCACAGTGGTG,0.2899,0.5707,0.5917,0.7017
TTGCCTGGAGCTGTTGGCGA,0.2348,0.4902,0.4975,0.6233
ACTGTTCCTGGCTGAATTTC,0.1805,0.0960,0.5119,0.6252
GGGTGGTGAGGCTGGGTGAG,0.3421,0.3539,0.5470,0.6718
CTCTGTCTGCATCCGCTCAT,0.1007,0.3941,0.5961,0.6053
TGATTTACTGCATCACTTGT,0.2799,0.2895,0.1535,0.6532
GCCTGGGGCTGGAGGTCGCC,0.3260,0.2588,0.2240,0.6733
ATGTCCCATGTGAGTGGAGG,0.1793,0.4689,0.6291,0.7401
GTGTCCTGGGCCTGTGAGCA,0.5974,0.4965,0.5295,0.5111
CGCGTCCTACGGAGAGGCTC,1.0000,0.3681,0.4904,0.7465
TCAAAGAGAACACTGGAACT,0.2370,0.6233,0.4485,0.5610
TTGAGGGGGGAATTCTGAGG,0.9606,0.5246,0.3225,0.7547
TGTTAGCACCAGCGATAAGA,0.3874,0.5798,0.4897,0.6319
TGAATGGGATATGTATCCAT,0.7840,0.5739,0.0220,0.6350
CTCCCTCTGCAGCCTGAAGA,0.5312,0.5230,0.4340,0.6113
AAGTTCTGCAATGCGGGAAT,0.5436,0.3552,0.4739,0.6072
TTCTGGTTCCTCAGCACTAT,0.1036,0.2594,0.5459,0.5554
GGCCAGAATTGCTTCTCTGC,0.6291,0.2984,0.5461,0.6725
TGTAGCCCTCTGTGTGCTCA,0.0781,0.4522,0.5491,0.5804
AGGCCTTCCCCAGGTTCCCG,0.5947,0.5926,0.3640,0.6237
GTAGCTAGGAAGGCGGCTTT,0.1895,0.3031,0.5102,0.6367
ACCAAGCAACTTCTTAGTGT,0.2772,0.5323,0.4484,0.6481
TGGACAAAGTCCTAAAGAAA,0.1211,0.3767,0.1115,0.6366
TTGCCTTAAGTCTCTGTGTG,0.6548,0.6268,0.4566,0.6092
GCTGGTTGGAGAGGGTGACG,0.1452,0.6122,0.5976,0.6703
CCCGGGTGAAGGCCGTGGAT,0.2483,0.4132,0.3175,0.6601
GAGCCACTGGGACGAGCGCC,0.1026,0.3217,0.3085,0.6443
ATGATGTAGAGGTGGCAATC,0.9004,0.3682,0.5569,0.5515
GAAGCCCCTGGCGCTGGAAC,0.0368,0.2918,0.5170,0.6870
GCGGTTCATGATGTCCCGCA,0.9692,0.5836,0.4573,0.5645
CACAACCACATCAGGGGCAG,0.2028,0.4861,0.5096,0.6842
GTAAGAAGGAAGAGGTGTTT,0.7478,0.3240,0.5235,0.6647
GCTCTCCAGCTTCCTGTCCG,0.8747,0.5567,0.6211,0.6443
CACATACCTGCTGGGAACGC,0.5690,0.5717,0.5916,0.6897
GGGAGCCTCCCACACCACGC,0.6747,0.5060,0.2240,0.6591
GCTGTGAAGTGGGGTCCGAC,0.8698,0.4941,0.5390,0.6392
CCTCATCCATCTCCACAGTA,0.0497,0.4559,0.5510,0.5519
CAGTGGCTATGTGCACCAGC,0.1623,0.5247,0.4181,0.6660
CGGCCTTGGCGGTTGTGTAG,0.3826,0.5869,0.4875,0.7504
TCTGGTCCTGGTTGAGGATG,0.4416,0.3872,0.4970,0.7215
GGAGTCATGGTACTTATCAT,0.1829,0.5190,0.4990,0.6143
GTGCCCTCAGCACCGGCCCC,0.1136,0.3473,0.1210,0.5775
GCTGGTAGCCGTGGTAGCGG,0.4842,0.5759,0.5665,0.7626
ATGACACCCACCCTACCACA,0.2554,0.7404,0.5396,0.5175
TGCTGGTTCAGAACACATCC,0.3867,0.5647,0.4436,0.5755
CAGTTGGGGTCTTCTGGAAG,0.3758,0.4267,0.4179,0.7394
TGGACTGCCCTTCCCCTCAC,0.4221,0.3754,0.5023,0.6419
TTTACTTTGGTCCAAGGTGG,0.3890,0.4581,0.4972,0.6910
AACGATTCCACGCTTTACTT,0.1505,0.4661,0.4474,0.5735
CTTCTTTACAGGTTATTGGA,0.5367,0.4625,0.2785,0.5228
GCGCTCACCGTCATCTGCTC,0.4142,0.4106,0.5843,0.6429
TAGGGGTCCGTACTCAGCAT,0.8041,0.5573,0.5073,0.6359
TTCCCCGTTTGGAGCCGGCT,0.4105,0.3772,0.3820,0.6691
TCAGCTGCAGAGAGACCACT,0.9385,0.6506,0.4344,0.6380
AAATCCATGAGCCTGGACAT,0.7106,0.6021,0.3832,0.5538
TTAGCAAACGAGTGTCTCAT,0.8981,0.5471,0.4880,0.6436
AAGGGACAGCAGAAACTGGT,0.9437,0.6077,0.5243,0.7165
ACACAGACTCCCTACAGGAA,0.5516,0.5849,0.5686,0.5822
GAGGTGTCTGATGGTGCAAG,0.8159,0.5909,0.6804,0.6432
AGACATGTTGACCCTTTCAT,0.8517,0.4364,0.3473,0.6017
CAAGAAAAACGTTAGTCTCT,0.0614,0.3761,0.0360,0.6510
CCTATTGTGCCTCTGAATCC,0.1483,0.5045,0.5898,0.5978
GAAGCTCATGCGGGAAGCGA,0.3498,0.5162,0.6088,0.6965
CTTGGAAATATAGAAGCCCT,0.6802,0.6154,0.4610,0.5849
CTCAAATCCTCGGATCTGGT,0.8160,0.6405,0.4885,0.6265
GCTCCTGTCAGATCGCGAGA,0.5526,0.7050,0.4951,0.5843
GTAATGCTCCATCACCTCTT,0.0684,0.4300,0.5780,0.5771
GTGAGACACAGCTCCCGTTC,0.3264,0.2821,0.6414,0.6381
TCCTGGCACCAGCTGCAATC,0.1925,0.3519,0.4077,0.6447
GAGGAAGCAGATATCCGGTG,0.4076,0.7170,0.5701,0.7680
AAAGGCCCAGATCACCGAGG,0.6009,0.6692,0.5688,0.7749
GCTCAGCATCATCAGGGGGT,0.5046,0.3895,0.4476,0.6542
TTACCAGCCATATCAGTCTG,0.9212,0.6427,0.5360,0.6442
ACTCACCTGCAGGTAGTGGC,0.6201,0.5886,0.4605,0.6633
TAACTATCCAAAAGCCAAAA,0.1902,0.2528,0.1590,0.5038
CCCCGGGCGCAGTGGAAGAA,0.1859,0.4999,0.3030,0.5840
GAAGTAGCGGCGATAGACCG,0.5861,0.8143,0.6685,0.7564
GAAGGGCTGCTGGCTCAATA,0.5400,0.4429,0.6134,0.6147
CCTACTTGTTCAGTCCATGG,0.8193,0.7502,0.4857,0.6745
ATGCTTCCCTCAACTTTCAT,0.0110,0.2268,0.4390,0.5724
GTCATAAATGTGAAGCCCCA,0.6726,0.5921,0.6170,0.6091
TCGAGCAGCAGATCAAGGAG,0.4686,0.5446,0.6066,0.6928
GACGGTGGGAAGAGCTATGT,0.4979,0.4944,0.6165,0.6887
GCAGCGTACCGCCCCTGACA,0.5135,0.5408,0.5040,0.5893
GAAATAATACCAACAACTGG,0.5703,0.5161,0.3830,0.7423
GCTGTGCCCCGAGTGCTTCT,0.0632,0.3913,0.5000,0.6045
GTCCCACAGGTTCAGGTAGA,0.2099,0.4099,0.6630,0.6076
GGGTGAGAGGGGGCCTCCGC,0.1789,0.1739,0.0000,0.7325
AAGAGCTGGGAGTCATCTGA,0.2998,0.5543,0.5560,0.6323
ATCCCTTCACTCCTTAATGC,0.7998,0.4828,0.5485,0.5886
GGTTCACCAGGCAGGCTGTC,0.0968,0.3128,0.5855,0.6522
CTGGAAAGATACCAGTTGTT,0.1105,0.3776,0.3115,0.6582
ACTTGACTGTTGTAAGTGTC,0.3913,0.3655,0.3510,0.6564
AGCTCCAACCCAGAGTTCAT,0.2427,0.4920,0.5157,0.6198
GTTCCTTCTACTATTTGTCT,0.4324,0.3559,0.2095,0.5229
CGTGCAACATAATAAAAAAT,0.1250,0.2909,0.0000,0.6589
GGGAGGCTGACCCTGTGGTA,0.1039,0.4533,0.5208,0.5668
CGAAGCATGGGAAGGACTTC,0.3692,0.2715,0.4875,0.6271
CTTCACGCTCTGGGGGCCCG,0.9263,0.4840,0.0000,0.6825
AATGAGTGCCCAGGGCGTCC,0.0617,0.3627,0.3310,0.6852
GAATCGGGTTTCAGCGTGTT,0.1989,0.3355,0.5650,0.6271
AGTCTGATTACTAGATTCAT,0.3321,0.4305,0.0595,0.5617
ACGTTCACTGACTGGACCCA,0.2242,0.6700,0.5705,0.5371
TGTCAGTGAGTTCGACTACG,0.5374,0.7017,0.6100,0.6718
GCTGTGGTGGGAGCCCTTCG,0.8352,0.3865,0.5615,0.6912
TGAGACACAGCTCCCGTTCG,0.4184,0.5584,0.5825,0.7205
ACATGGAGCTTGTGGAGACC,0.0473,0.5274,0.5941,0.7050
GGCTAGTTGCGTGAGTGGCT,0.7208,0.4365,0.6121,0.6298
CGAGGTCTATGGCCCCATGA,0.5670,0.5574,0.4119,0.6741
CCAAACTGCTGCTTTACGTT,0.0163,0.3259,0.4636,0.5511
TCTAAAATCCCTGCTTCATA,0.3438,0.3601,0.2655,0.5575
AGATTTGGACCAGGCAAGCA,0.5598,0.5502,0.5195,0.5950
CTGCAGCGGTACCGGCGAAA,0.0211,0.3841,0.3275,0.6108
GGATCTTGAGCTACGAACAC,0.7413,0.6729,0.6482,0.6354
GTACTTGGAGCTGTGATATG,0.9783,0.6152,0.6135,0.6776
GGATGCATTAATGTATTTGC,0.2166,0.2258,0.0770,0.6144
ATGCTGGGAAGTTGCAAGTG,0.0870,0.5624,0.4231,0.6329
TTGTCCTTCCCCAGGAAGGC,0.3789,0.4014,0.4773,0.5947
TATGCTTCCCTCAACTTTCA,0.0055,0.2892,0.4535,0.5508
CAAAAGAGGGCTTTGTGCAG,0.3451,0.5249,0.4690,0.7441
TCGGTGCAGCGGAAGCGCAG,0.9632,0.6414,0.5040,0.7550
TACTGGAGACAGAAGGCTCC,0.3632,0.5362,0.5156,0.6947
TATTTCTGAAGTGAATGAAG,0.6824,0.5936,0.1915,0.6643
TGTACATCCACGGGAACCTG,0.8737,0.7275,0.5160,0.6571
TCCTCTGGTCTACAAGAAGC,0.5356,0.5558,0.5681,0.6718
GCTTATTGGATCTGAAGAGT,0.5260,0.4770,0.5285,0.6030
TTTGTTCTTTAAATGGCTAC,0.0325,0.3484,0.0590,0.6252
CCGCGCACAGGCCGGTGGAA,0.4348,0.4904,0.2720,0.5822
GTCCTGGTTGAGGATGAGGC,0.8452,0.5589,0.5616,0.6572
AGCAGGTAGTCTGGGGATAC,0.7852,0.3825,0.5443,0.6054
TTCTCGGCCGGCGCCGAGAT,0.0368,0.2884,0.3715,0.6053
ACAGGTGACGTTGAGCTGGA,0.7511,0.6456,0.5683,0.5965
CATAGACTGTCCTGGGAAAC,0.6372,0.3450,0.5990,0.6443
CGACCCCAGTGTTCACAAGC,0.7534,0.5085,0.5290,0.6739
CCCCTGTGGATCGGGAAGCC,0.0067,0.3496,0.4770,0.5600
GCAGGAAATGCAGCGCATCA,0.7444,0.4988,0.4932,0.6044
GCGGTAGAAGCAGGTAGTCT,0.3154,0.4358,0.6331,0.6552
GGCTCGCCCCGCCCGGCACT,0.3743,0.2388,0.1735,0.6346
CTGCTTGGAGTGGATGCCCT,0.7758,0.4670,0.5379,0.6197
TCCGAGGCAGAAAGCCGCTG,0.6717,0.5220,0.4925,0.7349
CAGCAGCCGCTCATGATACT,0.6630,0.4874,0.4156,0.5985
AGAGTTAGTGAATGGAGACC,0.6895,0.6362,0.5563,0.7282
CCAGCTGGTAGCCGTGGTAG,0.3579,0.6086,0.3838,0.6859
CTTCTTGCGTTCCTCAGTAC,0.1429,0.5111,0.6023,0.6429
TGCCACCAGCCCCTGTTTCC,0.4469,0.3316,0.4695,0.6405
TGCACCACCAGGTACTCGGT,0.9308,0.7031,0.5293,0.6406
CCCATCCACGGCCTTCACCC,0.6577,0.4718,0.4640,0.5917
GCTAACATGTCTGAAAGGGC,0.7500,0.4731,0.5373,0.6749
CGGCGTGTTGATCTCCGAGG,0.8297,0.6270,0.5430,0.7554
GGTGGAACTGGTCACAATGA,0.9701,0.5793,0.5996,0.6509
GACTTCCTTCATACAGGAGT,0.5704,0.4583,0.4635,0.7038
GGTGTATTAGGGATCATCTA,0.9416,0.6828,0.5310,0.6173
GCTCTGGGGGCCCGAGGCCG,0.1421,0.1703,0.0000,0.7227
TTTACATACACTACTAACTC,0.5693,0.4115,0.1835,0.5384
TGGACCCATGGGTGGGCTAT,0.2636,0.2803,0.3575,0.6399
CCAACTCCCCACCACCGTGC,0.9176,0.5548,0.4565,0.6749
TTGTGATCACATCCTCTGAT,0.5815,0.4344,0.3435,0.5624
TCACTTGAATTCTGAGGGGC,0.5275,0.3393,0.4059,0.6749
TAAATTTAAAGCCCTAAAGA,0.7201,0.4965,0.0000,0.5060
CCTCACTAGACTTGACCCAC,0.7424,0.5514,0.6285,0.5180
GCCCTTATGCACGTCTGTGT,0.8626,0.5576,0.6562,0.6676
GGAAACTTGCTGAATACCCG,0.9206,0.7546,0.6601,0.6572
TTTACCTTGCTCCCTCAAAT,0.4026,0.3196,0.4855,0.5373
TAGAAAAAAGAAAAAGCAAC,0.3105,0.3656,0.0115,0.6443
ATGATGCTTGCCACAGTGCC,0.1255,0.3848,0.5981,0.6126
GTTGCTGCTGGAGGAGGACA,0.6725,0.5725,0.5889,0.6096
AGCTCCTCTTCAGCATTCTC,0.3363,0.3641,0.5497,0.6202
CACCTGCAACAGCGGCCCAG,0.3019,0.7358,0.5065,0.7173
GAGGAGCGGATTCCTACTGT,0.9394,0.5717,0.4987,0.6371
CCACTGCTCGTCCCCATCCA,0.7315,0.5348,0.5096,0.5519
CGTCAGCTTCAATCCTGCCA,0.4091,0.5216,0.5695,0.6263
CACTCTCCTTACCCCATCTC,0.1243,0.3591,0.6205,0.6474
CACAGTGGTGGGGGGTGCAC,0.1957,0.3415,0.1990,0.7398
ATCACCCACCTAGGCAGATC,0.5774,0.3825,0.4924,0.6563
AGGGACGGGCGGTGCCCGGT,0.2435,0.4754,0.0560,0.7279
TCAGCTGCCCCCACCTCCCT,0.3420,0.2444,0.2240,0.6193
GTTCCACAGAACCCAACAAC,0.1436,0.3935,0.5056,0.5930
AGTGTCCCAGGGACATCTTT,0.5530,0.4159,0.4023,0.6821
ATAGGGGTCCCTGTCAGGGG,0.7297,0.4643,0.3936,0.7535
GAAGTCCAGGGCTTGGAGGA,0.3333,0.5351,0.5126,0.6179
ATTATGCTGAGGATTTGGAA,0.8594,0.6509,0.2785,0.5515
GGTCTGGCCGACAGTTGGAT,0.3030,0.5219,0.5964,0.6320
AAAGGCTGCTGGGGAAGAAT,0.6537,0.2519,0.4312,0.6980
CAGCGTAGCTCCGGCGCCAG,0.2747,0.5092,0.1360,0.6990
GTGCCGCTCCTCCACGCCTG,0.1780,0.5665,0.3740,0.6490
CGAAGTTTGAGGAGCAGGTG,0.4152,0.4865,0.6423,0.6771
GCACAGCAAAAGCCCCTCCT,0.0459,0.3560,0.5615,0.5807
CAAGCTGGGACTTCCAAAGC,0.9565,0.4662,0.5729,0.6773
AGCAGATGAAAGCCCAGGCC,0.9417,0.3358,0.5563,0.7078
AGATGGCACAGGTCTTTGAG,0.9935,0.6641,0.5642,0.6624
TTACCCCATCTCAGGGTGAG,0.2604,0.5942,0.5290,0.6490
CCCGCACGGTGGTGGGGAGT,0.7363,0.3795,0.1945,0.7822
TTTCAGCTTCCAATAAAAAC,0.1712,0.1898,0.0000,0.5978
CCACCACCGCGACCTCGTGA,0.8388,0.6313,0.4370,0.6346
AATCATAGACACCAGGTCTT,0.1155,0.4969,0.3680,0.6271
TGCCCCGAGTGCTTCTCGGC,0.4737,0.3825,0.3520,0.6725
TTGAAGCGCAGCCGGCAGTC,0.4103,0.3321,0.3790,0.5817
CACATCCTACCCCGTAAAAA,0.1576,0.3217,0.3902,0.5524
GGATCTTTGCCTTGGCCAGG,0.6330,0.5952,0.5400,0.6752
CGAGGGCTTCGCCTCCTACG,0.8330,0.6492,0.3656,0.7057
TGCCAGCCCATCAGTTTCTG,0.4493,0.5846,0.5639,0.6275
CTGTTACAGTGGCCAGTGGT,0.0258,0.5501,0.4758,0.6825
GAAGATGAGCTGCCACATCA,0.8329,0.6197,0.4916,0.6342
AAGAGCCAAGCAGAAGCTCC,0.3408,0.4108,0.4598,0.6192
TGGGGACGAGCAGTGGATCC,0.3893,0.4934,0.2957,0.7082
TGGCCTTCCACTGGGGCAGC,0.5168,0.2378,0.3940,0.5793
CCTTGGCTGCCAAGCGCTGG,0.1835,0.4158,0.3665,0.6810
AGCGGCGGCGGCAGAAGCCC,0.4396,0.2511,0.2490,0.7416
TAGGTGAAGGTGTGAGCTGC,0.4762,0.4726,0.6339,0.7121
AGGACCGAGTAGTCATCCTG,0.9195,0.8234,0.4841,0.7266
GATATATCCTGGATTATTTC,0.1223,0.3120,0.1090,0.6232
ACTCACACAGGACTATGGAA,0.6104,0.6763,0.5199,0.5822
TTGTAACCGAATCTTTGGAT,0.8409,0.5518,0.2365,0.5831
ATTCTGATTGTGGGGCTTTC,0.0469,0.0244,0.5012,0.6313
GGTGTCATTGCTATGTGAAT,0.7002,0.4748,0.5115,0.6789
TTCTGCTACTCTCCTCATTT,0.0707,0.1894,0.4585,0.5507
CCTGGTATTCAGCCTCCAGA,0.9097,0.6100,0.4793,0.6253
CAGAGCGAACAAAAGTCCTA,0.7337,0.6576,0.4556,0.5585
TTGAAGGTTCTGAACCGCAA,0.0996,0.5243,0.3837,0.6157
TGCCACCAAGCCCACGTACC,0.4350,0.5496,0.4795,0.6405
CGAGATGTGATGAAGGAGAT,0.4844,0.5252,0.5053,0.6226
GGGCCCTCGAGTGAGATGCA,0.9565,0.6743,0.3630,0.4866
GCTGCTGCTGCTGCTCAGGT,0.1039,0.4387,0.5275,0.6318
CCCTGCCCCTGATGTGGTTG,0.2075,0.3140,0.4405,0.6880
CCAGGAGATGAACTCCCTCT,0.3160,0.5014,0.4606,0.6296
GTGGCCCGCCGCAATGGCAC,0.3286,0.4181,0.3320,0.6794
ATGTTTCGGATTTCATTCCA,0.8296,0.4598,0.2240,0.5358
GAAGCCCCAAGTGAACCAGA,0.8344,0.6448,0.5767,0.5732
AGCCACTGGGCCGCTGTTGC,0.1277,0.3242,0.4990,0.6613
TCTTCATCAGGAACCCGGGC,0.3255,0.5204,0.5060,0.6797
ACACCTTGCAGATCCGGATC,0.2923,0.3737,0.4816,0.6065
GCGCGGGCTGGGAGAAGGAG,0.0969,0.3756,0.3725,0.7276
CGGCGAGCGGCAGCGACGGC,0.2932,0.2315,0.1610,0.6990
GGAGGCCACGGGGGAGCTGT,0.4659,0.3728,0.1740,0.6993
GCCAGGGCCTGCAGGAAGTG,0.7987,0.4510,0.4025,0.6624
TCTAATCTCATTGTGTCCTT,0.3899,0.3525,0.2485,0.5324
GATGCTGCGCAGCACGTACT,0.3355,0.5810,0.4369,0.6594
CAGCTGGTGCCAGGACACGA,0.8033,0.7655,0.3570,0.5905
TTCAATCTTCTCCTTGGGTG,0.1147,0.4835,0.5975,0.6880
TGATGCCATGCTGGAAGGCC,0.0433,0.2674,0.5120,0.6722
CTTGCAACAATAGCAGGTGA,0.4660,0.6104,0.3627,0.6368
TGGGTGGAGGTGTCGTTCTC,0.0084,0.3313,0.5676,0.7028
ATTCCGGGCATCCCTGTACA,0.6622,0.6318,0.4260,0.5163
GCTCATGTTTGACCGCTCCG,0.9253,0.6680,0.6555,0.6638
AGAATCAAGTGGCATGTTAC,0.2681,0.3932,0.4830,0.6411
TATCTTTCAGAGCATTCCAC,0.8484,0.6018,0.5230,0.5981
ACGGACCAATGTTAAGGATC,0.6875,0.4025,0.4778,0.6703
GCTGCAGTTCCGTCTGTCAC,0.9130,0.5045,0.4989,0.6791
AACAATGGCCAACGAAGCAC,0.8744,0.4975,0.4292,0.7063
CCCGCTGTCCACACCCGCCT,0.4604,0.3779,0.2790,0.6778
TTTATACAAAACAACAAGCA,0.2816,0.5637,0.1015,0.5175
GATTTGGTGTGCCGGACTCT,0.9103,0.3821,0.6613,0.5985
CGACCGCGCGTCCTACGGAG,0.9011,0.6449,0.1895,0.7520
CCTCTGTCTTGGTAGCTGGC,0.6212,0.4705,0.6025,0.6282
CATACCTAATCATTATGCTG,0.2188,0.7808,0.1365,0.6804
TAACTCTCCGTCGAAGTTTG,0.2780,0.4613,0.4555,0.6353
CCTGGCACCAGCTGCAATCT,0.3222,0.3454,0.3598,0.5598
AATCTCCAGGAGCTTCTGCT,0.5247,0.5154,0.4578,0.6125
CACCAGTCCCCAGTTCTCCA,0.7813,0.6055,0.5533,0.5173
CGCTTTACTTTGGTCCAAGG,0.2549,0.6066,0.4730,0.7572
CATCATCATCTGAGGAGATC,0.5271,0.3128,0.4355,0.6978
CTGTGGTGGGAGCCCTTCGG,0.7326,0.5135,0.5040,0.7228
TAGTTCCAGTGTTCTCTTTG,0.1602,0.3797,0.4760,0.6657
GGGGCCTCTATCACAGAACT,0.8182,0.5204,0.5121,0.5688
ATGAATACAGCCAGCCTCCC,0.1321,0.5334,0.6337,0.5978
TCAGCACATCAGGCAATGAG,0.9088,0.6925,0.5719,0.7498
TTCCTTTGCGAGAAGGTTGT,0.6757,0.4028,0.4165,0.6495
GTTGGTCGTACTGTTTGGGG,0.6645,0.5939,0.6031,0.7179
CTGAAACTTTACGTAAATGT,0.3207,0.4023,0.0000,0.6342
TTCTGGTCGGCATCGTGCTA,0.9372,0.4809,0.5942,0.5753
AGCTGAAAAAGGGAGTCAAA,0.8766,0.3502,0.3448,0.5937
CTTGGTGTACTCCCTGACCC,0.7310,0.6636,0.5947,0.6205
AACAGCAGGAGCAGCGTGCA,0.7692,0.4060,0.4920,0.5558
AGCCCAGGCCAGGGAGGAGA,0.3677,0.4127,0.4595,0.7441
ACCAGCTTCTTGTAGACCAG,0.8201,0.6453,0.5954,0.6608
CGAGATGGAGTTCAATTGCG,0.9283,0.6285,0.4320,0.7343
ACTCCCCAGTTCATGGTTAC,0.6039,0.3667,0.5427,0.5978
CCAGCCAGAAGTTATCCTTC,0.3420,0.3866,0.3952,0.5896
CCCTGAGGCCTTGTTCCAGA,0.0671,0.4839,0.3823,0.6167
TTATACGAAAGCAAGAAACA,0.6943,0.7425,0.1465,0.4924
CATCACAGGCACTGTGTATT,0.0530,0.2696,0.3705,0.6076
GAATGTTGTCTTCACAGTGA,0.1270,0.4445,0.4135,0.6291
TCAGTCCATGTCCATAGGTG,0.3063,0.5526,0.6079,0.7020
CTCCAGAGGGGAGGGGTCAC,0.1047,0.2011,0.3491,0.6398
GTGGGTACCTACCATCACAA,0.7942,0.7131,0.4690,0.5450
CTTCCACACAGATTCCCCAA,0.9586,0.6589,0.5427,0.5175
GACAACGCGTGAGAATGGCC,0.7798,0.5867,0.4885,0.6777
TTTCTGCCTCTGCAGATACT,0.1193,0.4854,0.3967,0.6106
CACGCCCACCGGTCGCGACG,0.3846,0.5643,0.0710,0.8046
ACGAGGTCAGCCTCAGCTGC,0.5676,0.4512,0.4058,0.6095
CTTTCCTATGAACTCTGGGT,0.3398,0.6126,0.5455,0.6191
ATGTCAGTTCACGTCAAAAC,0.2727,0.3862,0.4685,0.6229
GCTGGAAGGCCTGGAAGCAG,0.7329,0.4292,0.4420,0.7752
CTTGGCGATGTTCTCCAAGA,0.5281,0.4968,0.4082,0.5965
CGGTCTGGGCCCAGCACCAC,0.7875,0.3946,0.1565,0.6557
TTCACCGGAGGCAAAGATGC,0.5872,0.5699,0.5882,0.6718
CGCGGAAATCAAGTCTCTGT,0.1611,0.4421,0.5306,0.7043
TCTGCCACAGGTTTGTGCTC,0.6345,0.3979,0.4523,0.6703
AGTTTGAGGAATTTATGACT,0.9130,0.6082,0.0520,0.6354
CGACTGCTGGACAATGAGGA,0.3766,0.7045,0.5854,0.5789
AAAGGCCCGGATCCGCATCT,0.5065,0.4121,0.3873,0.6407
GGGCCACTAAAAGAAACGAT,0.9675,0.5066,0.4273,0.5868
CATAGGAGGTGTCTTCAAAC,0.1879,0.4365,0.5210,0.6283
ACAACAGGAACTCGTTGAAA,0.2563,0.4826,0.2853,0.5717
CCTTGGACCAAAGTAAAGCG,0.8780,0.7042,0.4258,0.6043
GCCGCGGCCGCTTCAGGGGC,0.4816,0.2056,0.0790,0.7305
AGCCATTTAAAGAACAAATT,0.0216,0.2167,0.0000,0.5735
GGCTTCCTGCGACCAGTGTC,0.4037,0.3543,0.5791,0.6553
CCTGGGAACACTTACTGTTC,0.1464,0.2180,0.4247,0.6256
ATCTCGTAATCATCCCGCAG,0.7526,0.6193,0.6287,0.6872
TAGAGGTGGCAATCCGGCAG,0.6147,0.5458,0.5931,0.7238
GACAATCAGATGCTATATCA,0.9837,0.5893,0.2915,0.5607
GGGGCGCATGGATCAGGGCG,0.4094,0.3114,0.2895,0.7656
GTGGCGTACTGCACGTGTCG,0.9600,0.6241,0.4805,0.7012
ACTGGGGACTGGTGACCTAC,0.4396,0.4117,0.4796,0.6587
TCAGCTGCCTACTTCCTCCA,0.5611,0.6010,0.4237,0.5645
ACGTTCTCCTTGTCGATTCC,0.0109,0.2098,0.5682,0.6110
GAAGGGTCACCATGATGAAT,0.2840,0.4440,0.5411,0.6359
ACAGACATGAGTTCCTGACC,0.8961,0.6573,0.5730,0.6404
CTATTCTTCAGGTATGGCTG,0.6147,0.5861,0.5775,0.6283
TTAAAGACCACCTCCAGAAG,0.5474,0.5416,0.5850,0.6642
TTAGTGGAATACAATCAGTT,0.5884,0.3934,0.0695,0.5850
GCCAGGAGCACAGAAGCCTC,0.8475,0.4061,0.5545,0.5951
ACCCTGACCTGGCAGTTGAA,0.2840,0.5705,0.5509,0.5840
AAGCCCAGGAAGACAGCAGA,0.1683,0.5664,0.5401,0.6227
GGGGGTTCCGCAGCAAAACC,0.4495,0.4457,0.2200,0.6342
GGAGTTACTCACCCATGAAA,0.9177,0.4949,0.4396,0.6537
TGTGGCCACTGGAGAGTCCC,0.8009,0.3996,0.3831,0.6880
TAATGCTCCATCACCTCTTG,0.8947,0.3372,0.5480,0.6054
GTATTCAGCCTCCAGAGGGG,0.5523,0.5642,0.5182,0.7547
ACTGAGCCAACATGTGACCG,0.9634,0.7374,0.4510,0.6122
ACCGGTGCCATTCGTATTGC,0.0462,0.3409,0.4093,0.6064
TTTCATAATGAAGTGGATGG,0.0485,0.6617,0.2355,0.6810
TCTGGTTGTAGTAGCCGAGC,0.5562,0.6102,0.6143,0.6511
GAGCCCGCTGATGAGCGTCT,0.9421,0.5822,0.3830,0.6436
TCTTCTGGAAGTGGGGTGCT,0.2758,0.3524,0.3647,0.5610
CGATGATGTCATAGAGGAAC,0.5271,0.4153,0.3960,0.6908
GCCATCGAGCAGTTCGGCTT,0.3000,0.4306,0.5786,0.6691
TGCTGCAGCTCTTCATGATT,0.1743,0.2007,0.3251,0.7083
TCTTTATGAATACTTAGCAG,0.4647,0.6892,0.1890,0.6485
GCAGGTCCGTGCAAAGTTGC,0.0281,0.3341,0.4437,0.6572
CTGCCCACGTTGGTGCTTCC,0.0474,0.1975,0.4857,0.6313
TGTGCAGCAATGTATTTCCT,0.5415,0.4814,0.3123,0.6282
TTACTTCCATCAGACTGGCA,0.5011,0.6075,0.5328,0.5822
CGGCTACTACAACCAGAGCA,0.7574,0.6272,0.5626,0.6063
CCTGTCTGCTTATCCAGGTG,0.0868,0.6090,0.5100,0.7298
AAAGCAGACTTATGGAGACA,0.7256,0.6413,0.4521,0.6561
CCTGTGCCTGCAGAAGGAGT,0.2900,0.5565,0.3913,0.6816
CGTTTCCCTCAGAACAGCAT,0.6508,0.5682,0.5232,0.6850
CATCGCCCGTGACTACAATC,0.6895,0.4776,0.5714,0.6192
GGAAGCCCTCGGGCGCGGGC,0.0890,0.1876,0.1155,0.7525
GAAGGGTGGGTGCTCTGGTA,0.1472,0.3942,0.6127,0.6580
GGCCGAGGCGGGGTTGGTGG,0.3077,0.3186,0.2740,0.8365
ACCAAGTGTTAATGGCACTC,0.5476,0.5304,0.3950,0.6047
TGAGCCCCTCACCCTGAGAT,0.1479,0.4795,0.3767,0.6291
TCAGGTCTCCCGGAATGTTC,0.3290,0.3332,0.6143,0.7038
TGCCCTTATGCACGTCTGTG,0.2781,0.6646,0.6188,0.6371
CAGGGAGCAGTTGTTCCTAC,0.2792,0.4554,0.5790,0.6522
TGGTCGGGCCGGCTGGGCCC,0.0785,0.2302,0.0330,0.7343
AAAGCTTATCGGTTACGAGA,0.5688,0.5606,0.3730,0.6614
GGTGCCAGCCTTCCTGGGGA,0.7105,0.4263,0.3070,0.6948
ACATCGACTGCTGGACAATG,0.7543,0.5771,0.5629,0.6490
GGCAAAACTTCTGGCCCAGA,0.1928,0.4220,0.5095,0.6369
CACCTCAGGCCTTCGTGTCC,0.3556,0.3360,0.4358,0.7211
ACTCCACGCACGTGCCCTCC,0.5148,0.4023,0.3465,0.6403
GCACTGTTACCCTCTGGCAT,0.8582,0.5591,0.6573,0.5824
ACCTCCAGCCCCAGGCCCCC,0.4872,0.3530,0.0805,0.6398
TGGGACTGGGGCTGGGGTTG,0.0866,0.1343,0.4240,0.7443
CCGCTGGCCCGGGAATGGAA,0.4188,0.5240,0.3125,0.6157
TTCACACTCCTGGTGCATGA,0.8668,0.5513,0.5670,0.6411
AAAGCAGCCAGGACAGCAGT,0.2641,0.5276,0.5437,0.6866
AACCCAAGACGTTCACCGTG,0.8924,0.7053,0.6316,0.7523
GCTCGCTGGGGCGGTGCCGG,0.2308,0.1860,0.1830,0.6550
CCTTCACGAGGTCGCGGTGG,0.7839,0.5113,0.4940,0.7798
AGCCAAAATGGAAGATGGCC,0.8859,0.3722,0.4579,0.7107
CCCAGCCGCGGCCGCTTCAG,0.5455,0.2730,0.1190,0.6910
AAATCAAAGGAAATAGAAAA,0.7597,0.4218,0.0000,0.5836
CTGAGAACAAGGAACCACAT,0.4769,0.6250,0.4982,0.5910
TCCTCCAGAGCACAAACCTG,0.3845,0.6756,0.6017,0.6910
ACCTGGTATTCAGCCTCCAG,0.7798,0.5630,0.5140,0.6421
AAAAAAAACACTGCAACAAG,0.0837,0.4963,0.1155,0.6656
GTTACTTTCTTAGTAGCCAC,0.4810,0.5459,0.4355,0.5627
TCCTCCTCCGCTCAGGGTCA,0.4057,0.4671,0.5173,0.5605
GGTCTGAGTCGGAGCCAGGG,0.9172,0.5951,0.6330,0.7724
AGACTTCTCACACAGGATAA,0.7064,0.5468,0.4535,0.5217
AGTAGCGGCGATAGACCGCG,0.7436,0.7966,0.3870,0.7069
CTCGGAGGCTGGCATCACTG,0.5829,0.7279,0.5372,0.7575
CCAGCAAAGAAGTTAAGGAT,0.7176,0.5450,0.4365,0.6635
CGTATCTCTGAGCCACATTG,0.1074,0.6933,0.6059,0.6915
TTGTTCTACAAATTGAGTAT,0.9715,0.2921,0.0000,0.5424
AGGAAATACATTGCTGCACA,0.5957,0.6066,0.4419,0.5070
AGTCTCTGTTGGAAGAGAGG,0.8054,0.5592,0.5156,0.7824
CTGCCACTCACACAGGACTA,0.1342,0.5747,0.5601,0.5175
CAAAAGGAAGATTGCTGATG,0.5307,0.4795,0.4885,0.7155
CCAGCACCTTCTGCTCCATC,0.2511,0.3334,0.4038,0.6456
GGACTCCCACGAAGTGCTGC,0.6067,0.4282,0.5698,0.6396
TGAGAAGTCTATGAGCTTCA,0.2844,0.5239,0.3285,0.6189
CGCGGTTGGGGATGGTGTCG,0.2895,0.4015,0.4095,0.7577
CTGGGAAAGGGTCCCCGTGC,0.3582,0.2765,0.3085,0.7422
TCCCTTTGTAACCGAATCTT,0.3377,0.3460,0.4465,0.5393
CTGGTATCCACCGTGATGAC,0.3264,0.5707,0.6179,0.5705
GATGTTGAACTCGGCCTTCA,0.4462,0.4246,0.4945,0.5859
TAACCAGCCTGCTGTCTCTG,0.6071,0.6437,0.5010,0.6760
GTGCACCTGGCTGTAGAGGG,0.5671,0.6435,0.5070,0.6810
AAGATGAGCTGCCACATCAA,0.3682,0.5973,0.3659,0.5871
GTCAAGGAGGAAGTGCTCCT,0.5242,0.3691,0.5492,0.5905
CAAAGACGTCCGAGTCCGCC,0.8901,0.4791,0.4308,0.6869
TTTGAGCTAGTTCTGTCCAC,0.7677,0.5978,0.5580,0.6252
TAGCGGATGAGGCGCTTGTG,0.1545,0.5881,0.4493,0.6592
AGAATGGCTAGGAGTGCTTA,0.9058,0.5406,0.4740,0.5357
CCTGGAGACCTGACATTCTT,0.0801,0.2860,0.5183,0.6779
ACTGGGCTAACCTAAAGCTG,0.9174,0.7061,0.5450,0.6768
GATGATCTCTCAACTTTAAC,0.0312,0.2156,0.2990,0.6419
TGATGCTGTGTATTGTCACT,0.5448,0.4143,0.4418,0.5999
GGGCAGGATGAACAACGCGA,0.7489,0.6054,0.5694,0.6435
ATGTCAGGAGGCAACGGTGC,0.3274,0.5037,0.5685,0.7286
CCATAAGGGCCGCTCCGACC,0.4513,0.4410,0.3935,0.7301
CGTACTGCACGTGTCGTGGC,0.7446,0.5543,0.3955,0.6591
GTCAGCATCCACCGTGTGGA,0.2008,0.5117,0.4964,0.5630
GGCTCGCCGACGGCGGCGGC,0.1832,0.2643,0.0930,0.6761
TTCTATATTTCCAAGTCCCT,0.5099,0.3639,0.2930,0.5905
GCTCCTCCCAAGTGCCGGGC,0.4712,0.3567,0.3715,0.6637
CTTCGATTCCATCTTCAAGA,0.7652,0.4956,0.3510,0.5396
TACCACAGGCGAGGGACTGT,0.4935,0.6376,0.4501,0.6725
GCAAGTGGTATGACATGCCA,0.3052,0.6155,0.5547,0.6144
GCCGAGGCCGGGGGCTGCCA,0.5604,0.2191,0.0160,0.6565
CTGGTGCACCTGGCTGTAGA,0.3258,0.5236,0.3994,0.6253
GGCGGGCGCTTCACGCTCTG,0.8000,0.4521,0.3350,0.7625
TGTGGTGGTGCCTCTTGGGA,0.3136,0.5197,0.5025,0.6948
CCAGCAGCCCTTCTTATCGC,0.1223,0.4438,0.5168,0.6628
TTTCTGAAGTGAATGAAGAG,0.6582,0.6948,0.3335,0.6490
TGCCTTCCGTTCCAGTTACC,0.5965,0.4652,0.5822,0.6405
AATATCCTGTCGTGAGCACC,0.9610,0.5348,0.5984,0.6527
GGCGGGGTTGGTGGTGGCTG,0.1582,0.2320,0.2970,0.7447
CCCCAGGACTACTCACTCCT,0.7922,0.4651,0.4264,0.6053
TGGGGCGGTGCCGGTGGTGC,0.2454,0.2563,0.1690,0.7407
TGTAGCGGGCCACTGTGTGC,0.8059,0.6504,0.4820,0.7328
CCAGGCCCTTGCCAATTCGA,0.3054,0.4260,0.4470,0.5965
TGAGATGGACAGCGAGTTCG,0.3802,0.6033,0.6063,0.7678
TCCAAGTCCCTGGGCATCCT,0.0473,0.2218,0.5559,0.5889
AAGGTTCAGAGCCGCCTGGT,0.6444,0.5603,0.5115,0.6132
TGGGCTTGGTGGCAATCTCC,0.5381,0.2516,0.5290,0.6815
CCAAGTGTTAATGGCACTCT,0.3669,0.3054,0.3575,0.5324
ATCAGCTTCCTAACCTGCAG,0.4621,0.4910,0.4966,0.6872
CTGTGCCTGCAGAAGGAGTT,0.1201,0.4416,0.4251,0.6106
GCAAGTGCAGGAGTCAGTGA,0.8983,0.5798,0.6272,0.6142
TCTGGGGTCTGTTCAATGAA,0.9582,0.4572,0.2817,0.5793
TTATTGCAGATGAAGTGGAA,0.5516,0.6501,0.2760,0.5710
TTAGGGCCATTAGTTTCATA,0.3646,0.4985,0.1125,0.5450
CGCAGCCGGCAGTCAGGGGG,0.4579,0.4035,0.0000,0.8457
TGCAGGTAGTGGCTGGTTCT,0.2706,0.2492,0.5688,0.6182
GCAGCTGGATCCCCACAACT,0.9458,0.5930,0.4246,0.6479
ATGGCTGTAACTGACCACCT,0.9530,0.7498,0.5128,0.5598
ATGATTGCAAGAGAGCGGAA,0.4481,0.7306,0.3699,0.5375
CCCTTTCTTCCACTGCGCCC,0.2853,0.3388,0.5328,0.6563
TTGCACTCTCATCTCCCGAG,0.9199,0.7663,0.6602,0.6139
CCGAGGAGTGAGTAGTCCTG,0.7814,0.7113,0.4645,0.7111
TGTGGACAGCGGGTGGGAGG,0.4714,0.4232,0.4510,0.8414
TCTAGTCCGCATTGGATTGG,0.7799,0.6259,0.5806,0.6810
CTCAGAGATTGCTGCATAGT,0.4502,0.3230,0.5089,0.6476
AACTACAGGCAAGGCTCCAT,0.2965,0.4297,0.5434,0.6405
GTCAGCAGGGTAGAAGCCCA,0.1065,0.5099,0.6055,0.5791
AGGCGGCTCCTCATCTTCTG,0.2251,0.5796,0.5559,0.6783
GCCGTGGTCCTGGGGCCGTG,0.9394,0.4950,0.1885,0.7233
CTGTCTCTCCCAGATTGTAA,0.0212,0.5763,0.4885,0.5627
TGAGCCGCGGGCGCGGTGGA,0.7456,0.3636,0.0535,0.6406
CGGCAGAGTACGAGGCAGCG,0.7263,0.6789,0.4845,0.6957
CGCGTTGCGCCAGAGCTTCT,0.1392,0.3491,0.4400,0.6472
GGAGAGCATCCTGAGGACTG,0.1088,0.6798,0.5281,0.7057
TTTGACCGCTCCGAGGTCTA,0.1220,0.5226,0.4481,0.5931
CTATCATTCTCCCTTCAAGC,0.5963,0.4961,0.5500,0.6003
AGCAGAAACTGATTATGAAA,0.0842,0.4140,0.0520,0.6500
CCATGGAATTGTGCAGAGTG,0.8098,0.5513,0.4459,0.6638
GGCCCGCGGCCTTTGCATTC,0.0916,0.1080,0.3580,0.6691
GCTGCAGCTCCAAGGAAGAC,0.9448,0.4481,0.4756,0.6503
CAAGGCCAAGGACAGGCCCC,0.3933,0.4111,0.3465,0.6466
CAGCGTCACCCGGTAGGAAT,0.3022,0.4628,0.5301,0.6771
